t_delivery_record	id
t_delivery_record	order_id
t_delivery_record	delivery_no
t_delivery_record	delivery_type
t_delivery_record	rider_name
t_delivery_record	rider_phone
t_delivery_record	rider_id
t_delivery_record	status
t_delivery_record	picked_up_at
t_delivery_record	delivered_at
t_delivery_record	delivery_latitude
t_delivery_record	delivery_longitude
t_delivery_record	remark
t_delivery_record	tenant_id
t_delivery_record	created_at
t_delivery_record	updated_at
t_payment_config	id
t_payment_config	tenant_id
t_payment_config	provider
t_payment_config	config_key
t_payment_config	config_value
t_payment_config	is_encrypted
t_payment_config	description
t_payment_config	sort_order
t_payment_config	created_at
t_payment_config	updated_at
t_payment_config	api_key
t_payment_config	box_config
t_payment_config	app_id
t_payment_config	mch_id
t_payment_config	api_v3_key
t_payment_config	serial_no
t_payment_config	private_key
t_payment_config	notify_url
t_payment_config	alipay_public_key
t_payment_config	enabled
t_platform_order	id
t_platform_order	platform_order_id
t_platform_order	platform
t_platform_order	store_id
t_platform_order	status
t_platform_order	order_data_json
t_platform_order	tenant_id
t_platform_order	created_at
t_platform_order	updated_at
t_points_record	id
t_points_record	user_id
t_points_record	record_no
t_points_record	customer_id
t_points_record	type
t_points_record	amount
t_points_record	balance
t_points_record	points
t_points_record	balance_after
t_points_record	source_type
t_points_record	source_no
t_points_record	remark
t_points_record	tenant_id
t_points_record	created_at
t_points_record	source_id
t_points_record	balance_points
t_points_record	change_points
t_points_record	member_id
t_retail_category	id
t_retail_category	category_name
t_retail_category	category_icon
t_retail_category	parent_id
t_retail_category	sort_order
t_retail_category	status
t_retail_category	tenant_id
t_retail_category	store_id
t_retail_category	created_at
t_retail_category	updated_at
t_retail_order	id
t_retail_order	order_no
t_retail_order	user_id
t_retail_order	store_id
t_retail_order	total_amount
t_retail_order	discount_amount
t_retail_order	delivery_fee
t_retail_order	pay_amount
t_retail_order	delivery_type
t_retail_order	delivery_address
t_retail_order	receiver_name
t_retail_order	receiver_phone
t_retail_order	receiver_latitude
t_retail_order	receiver_longitude
t_retail_order	remark
t_retail_order	payment_status
t_retail_order	payment_method
t_retail_order	payment_time
t_retail_order	transaction_no
t_retail_order	order_status
t_retail_order	cancel_reason
t_retail_order	platform
t_retail_order	platform_order_id
t_retail_order	tenant_id
t_retail_order	created_at
t_retail_order	updated_at
t_retail_order	user_name
t_retail_order	cancelled_at
t_retail_order	completed_at
t_retail_order	delivery_time
t_retail_order	user_phone
t_retail_product	id
t_retail_product	product_id
t_retail_product	sku_id
t_retail_product	category_id
t_retail_product	retail_price
t_retail_product	original_price
t_retail_product	stock
t_retail_product	sales_count
t_retail_product	is_recommended
t_retail_product	is_hot
t_retail_product	is_new
t_retail_product	sort_order
t_retail_product	status
t_retail_product	tenant_id
t_retail_product	store_id
t_retail_product	created_at
t_retail_product	updated_at
t_retail_review	id
t_retail_review	order_id
t_retail_review	user_id
t_retail_review	product_id
t_retail_review	platform
t_retail_review	platform_review_id
t_retail_review	rating
t_retail_review	review_content
t_retail_review	review_images
t_retail_review	review_tags
t_retail_review	reply
t_retail_review	reply_at
t_retail_review	is_anonymous
t_retail_review	status
t_retail_review	tenant_id
t_retail_review	created_at
t_retail_review	updated_at
t_retail_shop_config	id
t_retail_shop_config	store_id
t_retail_shop_config	shop_name
t_retail_shop_config	shop_logo
t_retail_shop_config	shop_description
t_retail_shop_config	contact_phone
t_retail_shop_config	business_hours
t_retail_shop_config	delivery_enabled
t_retail_shop_config	pickup_enabled
t_retail_shop_config	min_order_amount
t_retail_shop_config	delivery_fee
t_retail_shop_config	delivery_radius
t_retail_shop_config	estimated_delivery_time
t_retail_shop_config	announcement
t_retail_shop_config	status
t_retail_shop_config	tenant_id
t_retail_shop_config	created_at
t_retail_shop_config	updated_at
t_retail_shop_config	free_delivery_amount
t_sys_role	id
t_sys_role	role_code
t_sys_role	role_name
t_sys_role	description
t_sys_role	data_scope
t_sys_role	permissions
t_sys_role	status
t_sys_role	tenant_id
t_sys_role	created_at
t_sys_role	updated_at
t_sys_role	name
t_tenant_admin	id
t_tenant_admin	tenant_id
t_tenant_admin	user_id
t_tenant_admin	role
t_tenant_admin	is_primary
t_tenant_admin	granted_at
t_tenant_admin	created_at
t_transfer_order_item	id
t_transfer_order_item	transfer_no
t_transfer_order_item	sku_id
t_transfer_order_item	box_qty
t_transfer_order_item	bottle_qty
t_transfer_order_item	total_bottle_qty
t_transfer_order_item	unit_price
t_transfer_order_item	tenant_id
t_transfer_order_item	transfer_order_id
t_transfer_order_item	sku_name
t_transfer_order_item	quantity
t_transfer_order_item	subtotal
t_transfer_order_item	transferred_qty
t_transfer_order_item	received_qty
